<?xml version="1.0" encoding="utf-8" standalone="yes"?>
<rss version="2.0" xmlns:atom="http://www.w3.org/2005/Atom">
  <channel>
    <title>Clare and Taylor</title>
    <link>https://taylorandclare.com/</link>
    <description>Recent content on Clare and Taylor</description>
    <generator>Hugo -- gohugo.io</generator>
    <language>en-US</language>
    <lastBuildDate>Fri, 07 Feb 2020 20:12:57 -0500</lastBuildDate>
    
	<atom:link href="https://taylorandclare.com/index.xml" rel="self" type="application/rss+xml" />
    
    
    <item>
      <title>RSVP</title>
      <link>https://taylorandclare.com/rsvp/rsvp_link/</link>
      <pubDate>Fri, 07 Feb 2020 20:12:57 -0500</pubDate>
      
      <guid>https://taylorandclare.com/rsvp/rsvp_link/</guid>
      <description></description>
    </item>
    
    <item>
      <title>in Easton</title>
      <link>https://taylorandclare.com/local/easton/</link>
      <pubDate>Mon, 01 Jan 0001 00:00:00 +0000</pubDate>
      
      <guid>https://taylorandclare.com/local/easton/</guid>
      <description>Restaurants:   Sunflowers and Greens:
  http://sunflowersandgreens.com/   fresh and delicious lunch: salads and sandwiches    Scossa
  http://scossarestaurant.com/  upscale Italian dinner    Activities:   Pickering Creek Audubon Center
  https://pickering.audubon.org/  over 200 species of birds have been spotted here! A beautiful spot for a stroll, any time of day    Art galleries
 keep an eye out for work by Mo Herbert, our talented family artist!</description>
    </item>
    
    <item>
      <title>in St. Michael&#39;s</title>
      <link>https://taylorandclare.com/local/st_michaels/</link>
      <pubDate>Mon, 01 Jan 0001 00:00:00 +0000</pubDate>
      
      <guid>https://taylorandclare.com/local/st_michaels/</guid>
      <description>Restaurants   The Crab Claw
  https://www.thecrabclaw.com/  a family favorite the best spot to try your hand at cracking open local crabs, and enjoy cold beers while you watch the boats come in and out of the marina    Ava’s Pizzeria and Wine Bar
  https://www.avaspizzeria.com/   great pizza and pasta! Laid back and casual, quick stop    The Galley
  https://www.</description>
    </item>
    
    <item>
      <title>nearest airports, shuttle service, and train connections</title>
      <link>https://taylorandclare.com/info/travel/</link>
      <pubDate>Mon, 01 Jan 0001 00:00:00 +0000</pubDate>
      
      <guid>https://taylorandclare.com/info/travel/</guid>
      <description>Baltimore Airport (BWI)
 about an hour and fifteen minutes from Easton. between BWI and the Eastern Shore, you must cross the Chesapeake Bay Bridge (which is under construction and known for its traffic!) the Bayrunner Shuttle runs between BWI and the Easton Airport (this is a very small airport, and does not offer commercial flights).    Bayrunner Shuttle
 one-way or round-trip shuttle service to BWI Marshall Airport, BWI MARC/Amtrak station or the Baltimore Greyhound bus station  https://bayrunnershuttle.</description>
    </item>
    
    <item>
      <title>Pictures</title>
      <link>https://taylorandclare.com/pics/all_pics/</link>
      <pubDate>Mon, 01 Jan 0001 00:00:00 +0000</pubDate>
      
      <guid>https://taylorandclare.com/pics/all_pics/</guid>
      <description>I m g 0002
      I m g 0019
      I m g 0024
      I m g 0026
      I m g 0040
      I m g 0073
      I m g 0136
      I m g 0137</description>
    </item>
    
    <item>
      <title>places to stay</title>
      <link>https://taylorandclare.com/info/places_to_stay/</link>
      <pubDate>Mon, 01 Jan 0001 00:00:00 +0000</pubDate>
      
      <guid>https://taylorandclare.com/info/places_to_stay/</guid>
      <description>The Inn at Perry Cabin
  a luxury resort and spa   fewer rooms available than the options below
    Fairfield Inn &amp;amp; Suites by Marriott
  we will have a shuttle service from here to Friday and Saturday&amp;rsquo;s events
  call to book: (410) 822-0050   mention that you&amp;rsquo;re a part of the O&amp;rsquo;Brien/Brown wedding to obtain discounted rates ($199.</description>
    </item>
    
    <item>
      <title>Reception - August 15, 5:30PM</title>
      <link>https://taylorandclare.com/events/reception/</link>
      <pubDate>Mon, 01 Jan 0001 00:00:00 +0000</pubDate>
      
      <guid>https://taylorandclare.com/events/reception/</guid>
      <description>The Home of Susan and Jim O&amp;rsquo;Brien
26411 Presquile Dr S, Easton, MD 21601
 </description>
    </item>
    
    <item>
      <title>registry</title>
      <link>https://taylorandclare.com/registry/registry_by_zola/</link>
      <pubDate>Mon, 01 Jan 0001 00:00:00 +0000</pubDate>
      
      <guid>https://taylorandclare.com/registry/registry_by_zola/</guid>
      <description> Click here for a link to our registry. </description>
    </item>
    
    <item>
      <title>Wedding Ceremony - August 15, 2:00PM</title>
      <link>https://taylorandclare.com/events/ceremony/</link>
      <pubDate>Mon, 01 Jan 0001 00:00:00 +0000</pubDate>
      
      <guid>https://taylorandclare.com/events/ceremony/</guid>
      <description>St. Michael&amp;rsquo;s Mission Church
109 Lincoln Ave, St Michaels, MD 21663
 </description>
    </item>
    
    <item>
      <title>Welcome Party - August 14, 7:30PM</title>
      <link>https://taylorandclare.com/events/welcome_drinks/</link>
      <pubDate>Mon, 01 Jan 0001 00:00:00 +0000</pubDate>
      
      <guid>https://taylorandclare.com/events/welcome_drinks/</guid>
      <description>The Home of Mo and Brad Herbert
22551 Crescendo Circle, Wittman, MD 21676
(the address is correct, but Google&amp;rsquo;s map is off by a few houses)
 </description>
    </item>
    
  </channel>
</rss>