<?xml version="1.0" encoding="utf-8" standalone="yes"?>
<rss version="2.0" xmlns:atom="http://www.w3.org/2005/Atom">
  <channel>
    <title>Clare and Taylor</title>
    <link>https://taylorandclare.com/</link>
    <description>Recent content on Clare and Taylor</description>
    <generator>Hugo -- gohugo.io</generator>
    <language>en-US</language>
    
	<atom:link href="https://taylorandclare.com/index.xml" rel="self" type="application/rss+xml" />
    
    
    <item>
      <title>Fairfield Inn &amp; Suites by Marriott</title>
      <link>https://taylorandclare.com/info/hotel_option1/</link>
      <pubDate>Mon, 01 Jan 0001 00:00:00 +0000</pubDate>
      
      <guid>https://taylorandclare.com/info/hotel_option1/</guid>
      <description>August 14-16
call to book (a.s.a.p)
(410) 822-0050 Discounted Rates (mention that you&#39;re a part of the O&#39;Brien/Brown wedding)
 $199.00  </description>
    </item>
    
    <item>
      <title>In Easton</title>
      <link>https://taylorandclare.com/local/localthing1/</link>
      <pubDate>Mon, 01 Jan 0001 00:00:00 +0000</pubDate>
      
      <guid>https://taylorandclare.com/local/localthing1/</guid>
      <description>  thing1
  thing2
  </description>
    </item>
    
    <item>
      <title>In St. Michaels</title>
      <link>https://taylorandclare.com/local/localthing2/</link>
      <pubDate>Mon, 01 Jan 0001 00:00:00 +0000</pubDate>
      
      <guid>https://taylorandclare.com/local/localthing2/</guid>
      <description>  thing1
  thing2
  </description>
    </item>
    
    <item>
      <title>Inn at Perry Cabin</title>
      <link>https://taylorandclare.com/info/hotel_option2/</link>
      <pubDate>Mon, 01 Jan 0001 00:00:00 +0000</pubDate>
      
      <guid>https://taylorandclare.com/info/hotel_option2/</guid>
      <description>August 14-16
More information coming soon.</description>
    </item>
    
    <item>
      <title>Pictures</title>
      <link>https://taylorandclare.com/pics/all_pics/</link>
      <pubDate>Mon, 01 Jan 0001 00:00:00 +0000</pubDate>
      
      <guid>https://taylorandclare.com/pics/all_pics/</guid>
      <description>   I m g 0976
     </description>
    </item>
    
    <item>
      <title>Reception - August 15, 5:30PM</title>
      <link>https://taylorandclare.com/events/reception/</link>
      <pubDate>Mon, 01 Jan 0001 00:00:00 +0000</pubDate>
      
      <guid>https://taylorandclare.com/events/reception/</guid>
      <description>The Home of Susan and James O&#39;Brien
26411 Presquile Dr S, Easton, MD 21601
 </description>
    </item>
    
    <item>
      <title>Registry</title>
      <link>https://taylorandclare.com/registry/registry_by_zola/</link>
      <pubDate>Mon, 01 Jan 0001 00:00:00 +0000</pubDate>
      
      <guid>https://taylorandclare.com/registry/registry_by_zola/</guid>
      <description> Click here for a link to our registry.    Fall 2019 in Onemo, VA
    </description>
    </item>
    
    <item>
      <title>Wedding Ceremony - August 15, 2:00PM</title>
      <link>https://taylorandclare.com/events/ceremony/</link>
      <pubDate>Mon, 01 Jan 0001 00:00:00 +0000</pubDate>
      
      <guid>https://taylorandclare.com/events/ceremony/</guid>
      <description>St. Michael&#39;s Mission Church
109 Lincoln Ave, St Michaels, MD 21663
 </description>
    </item>
    
    <item>
      <title>Welcome Drinks - August 14, 7:30PM</title>
      <link>https://taylorandclare.com/events/welcome_drinks/</link>
      <pubDate>Mon, 01 Jan 0001 00:00:00 +0000</pubDate>
      
      <guid>https://taylorandclare.com/events/welcome_drinks/</guid>
      <description>Location: TBD</description>
    </item>
    
  </channel>
</rss>