<?xml version="1.0" encoding="utf-8" standalone="yes"?>
<rss version="2.0" xmlns:atom="http://www.w3.org/2005/Atom">
  <channel>
    <title>Locals on Clare and Taylor</title>
    <link>https://taylorandclare.com/local/</link>
    <description>Recent content in Locals on Clare and Taylor</description>
    <generator>Hugo -- gohugo.io</generator>
    <language>en-US</language>
    
	<atom:link href="https://taylorandclare.com/local/index.xml" rel="self" type="application/rss+xml" />
    
    
    <item>
      <title>in Easton</title>
      <link>https://taylorandclare.com/local/easton/</link>
      <pubDate>Mon, 01 Jan 0001 00:00:00 +0000</pubDate>
      
      <guid>https://taylorandclare.com/local/easton/</guid>
      <description>Restaurants:   Sunflowers and Greens:
  http://sunflowersandgreens.com/   fresh and delicious lunch: salads and sandwiches    Scossa
  http://scossarestaurant.com/  upscale Italian dinner    Activities:   Pickering Creek Audubon Center
  https://pickering.audubon.org/  over 200 species of birds have been spotted here! A beautiful spot for a stroll, any time of day    Art galleries
 keep an eye out for work by Mo Herbert, our talented family artist!</description>
    </item>
    
    <item>
      <title>in St. Michael&#39;s</title>
      <link>https://taylorandclare.com/local/st_michaels/</link>
      <pubDate>Mon, 01 Jan 0001 00:00:00 +0000</pubDate>
      
      <guid>https://taylorandclare.com/local/st_michaels/</guid>
      <description>Restaurants   The Crab Claw
  https://www.thecrabclaw.com/  a family favorite the best spot to try your hand at cracking open local crabs, and enjoy cold beers while you watch the boats come in and out of the marina    Ava’s Pizzeria and Wine Bar
  https://www.avaspizzeria.com/   great pizza and pasta! Laid back and casual, quick stop    The Galley
  https://www.</description>
    </item>
    
  </channel>
</rss>