<?xml version="1.0" encoding="utf-8" standalone="yes"?>
<rss version="2.0" xmlns:atom="http://www.w3.org/2005/Atom">
  <channel>
    <title>Locals on Clare and Taylor</title>
    <link>https://taylorandclare.com/local/</link>
    <description>Recent content in Locals on Clare and Taylor</description>
    <generator>Hugo -- gohugo.io</generator>
    <language>en-US</language>
    
	<atom:link href="https://taylorandclare.com/local/index.xml" rel="self" type="application/rss+xml" />
    
    
    <item>
      <title>In Easton</title>
      <link>https://taylorandclare.com/local/localthing1/</link>
      <pubDate>Mon, 01 Jan 0001 00:00:00 +0000</pubDate>
      
      <guid>https://taylorandclare.com/local/localthing1/</guid>
      <description>  thing1
  thing2
  </description>
    </item>
    
    <item>
      <title>In St. Michaels</title>
      <link>https://taylorandclare.com/local/localthing2/</link>
      <pubDate>Mon, 01 Jan 0001 00:00:00 +0000</pubDate>
      
      <guid>https://taylorandclare.com/local/localthing2/</guid>
      <description>  thing1
  thing2
  </description>
    </item>
    
  </channel>
</rss>