<?xml version="1.0" encoding="utf-8" standalone="yes"?>
<rss version="2.0" xmlns:atom="http://www.w3.org/2005/Atom">
  <channel>
    <title>Pics on Clare and Taylor</title>
    <link>https://taylorandclare.com/pics/</link>
    <description>Recent content in Pics on Clare and Taylor</description>
    <generator>Hugo -- gohugo.io</generator>
    <language>en-US</language>
    
	<atom:link href="https://taylorandclare.com/pics/index.xml" rel="self" type="application/rss+xml" />
    
    
    <item>
      <title>Pictures</title>
      <link>https://taylorandclare.com/pics/all_pics/</link>
      <pubDate>Mon, 01 Jan 0001 00:00:00 +0000</pubDate>
      
      <guid>https://taylorandclare.com/pics/all_pics/</guid>
      <description>   I m g 0976
     </description>
    </item>
    
  </channel>
</rss>