<?xml version="1.0" encoding="utf-8" standalone="yes"?>
<rss version="2.0" xmlns:atom="http://www.w3.org/2005/Atom">
  <channel>
    <title>Infos on Clare and Taylor</title>
    <link>https://taylorandclare.com/info/</link>
    <description>Recent content in Infos on Clare and Taylor</description>
    <generator>Hugo -- gohugo.io</generator>
    <language>en-US</language>
    
	<atom:link href="https://taylorandclare.com/info/index.xml" rel="self" type="application/rss+xml" />
    
    
    <item>
      <title>nearest airports and train stations</title>
      <link>https://taylorandclare.com/info/travel/</link>
      <pubDate>Mon, 01 Jan 0001 00:00:00 +0000</pubDate>
      
      <guid>https://taylorandclare.com/info/travel/</guid>
      <description>BWI (Baltimore)
 about an hour and fifteen minutes from Easton. between BWI and the Eastern Shore, you must cross the Chesapeake Bay Bridge (which is under construction and known for its traffic!) there is a shuttle between BWI and the Easton Airport (this is a very small airport, and does not offer commercial flights).    ILG (Wilmington)
 avoids the Bay Bridge, but may be a bit more expensive    Bayrunner Shuttle</description>
    </item>
    
    <item>
      <title>places to stay</title>
      <link>https://taylorandclare.com/info/places_to_stay/</link>
      <pubDate>Mon, 01 Jan 0001 00:00:00 +0000</pubDate>
      
      <guid>https://taylorandclare.com/info/places_to_stay/</guid>
      <description>The Inn at Perry Cabin
  a luxury resort and spa   fewer rooms available than the options below
    Fairfield Inn &amp;amp; Suites by Marriott
  we will have a shuttle service from here to Friday and Saturday&amp;rsquo;s events
  call to book: (410) 822-0050   mention that you&amp;rsquo;re a part of the O&amp;rsquo;Brien/Brown wedding to obtain discounted rates ($199.</description>
    </item>
    
  </channel>
</rss>