<?xml version="1.0" encoding="utf-8" standalone="yes"?>
<rss version="2.0" xmlns:atom="http://www.w3.org/2005/Atom">
  <channel>
    <title>Rsvps on Clare and Taylor</title>
    <link>https://taylorandclare.com/rsvp/</link>
    <description>Recent content in Rsvps on Clare and Taylor</description>
    <generator>Hugo -- gohugo.io</generator>
    <language>en-US</language>
    <lastBuildDate>Fri, 07 Feb 2020 20:12:57 -0500</lastBuildDate>
    
	<atom:link href="https://taylorandclare.com/rsvp/index.xml" rel="self" type="application/rss+xml" />
    
    
    <item>
      <title>RSVP</title>
      <link>https://taylorandclare.com/rsvp/rsvp_link/</link>
      <pubDate>Fri, 07 Feb 2020 20:12:57 -0500</pubDate>
      
      <guid>https://taylorandclare.com/rsvp/rsvp_link/</guid>
      <description></description>
    </item>
    
  </channel>
</rss>